first_name,last_name,email,phone,job_title,company_name,website,industry,source,status,priority,country,state,city,linkedin_url,twitter_url,company_size,revenue,employee_count,lead_score,tags,is_favorite,is_archived,owner_email,created_at,updated_at
Orli,Patton,wybypa@mailinator.com,+1 (704) 387-4961,Lorem sapiente inven,Faulkner and Miranda Co,https://www.badu.cc,,referral,researching,20,Unde est est volup,A ea ipsa quasi sed,Vel rerum maxime bla,,,11-50,81.0,37,6.0,,False,False,mkmahmud.dev@gmail.com,2026-07-18T11:20:30.417102+00:00,2026-07-19T12:02:28.542664+00:00
User39,Lead39,user39@example.com,+1555100038,Marketing Manager,Company 39,https://company39.com,Logistics,cold_email,researching,0,USA,Florida,Miami,https://linkedin.com/in/user39,,,,,,"demo,test",False,False,mkmahmud.dev@gmail.com,2026-07-17T16:33:08.669544+00:00,2026-07-19T12:02:28.542664+00:00
User81,Lead81,user81@example.com,+1555100080,Sales Manager,Company 81,https://company81.com,Software,website,researching,0,USA,California,San Francisco,https://linkedin.com/in/user81,,,,,,"demo,test",False,False,mkmahmud.dev@gmail.com,2026-07-17T16:33:08.669544+00:00,2026-07-19T12:02:28.542664+00:00
User73,Lead73,user73@example.com,+1555100072,CTO,Company 73,https://company73.com,Finance,referral,researching,0,USA,New York,New York,https://linkedin.com/in/user73,,,,,,"demo,test",False,False,mkmahmud.dev@gmail.com,2026-07-17T16:33:08.669544+00:00,2026-07-19T12:02:28.542664+00:00
User77,Lead77,user77@example.com,+1555100076,CEO,Company 77,https://company77.com,Construction,linkedin,researching,0,USA,Texas,Austin,https://linkedin.com/in/user77,,,,,,"demo,test",False,False,mkmahmud.dev@gmail.com,2026-07-17T16:33:08.669544+00:00,2026-07-19T12:02:28.542664+00:00
User41,Lead41,user41@example.com,+1555100040,Sales Manager,Company 41,https://company41.com,Software,website,demo_scheduled,0,USA,California,San Francisco,https://linkedin.com/in/user41,,,,,,"demo,test",False,False,mkmahmud.dev@gmail.com,2026-07-17T16:33:08.669544+00:00,2026-07-19T12:02:28.542664+00:00
User43,Lead43,user43@example.com,+1555100042,CTO,Company 43,https://company43.com,Finance,referral,negotiation,0,USA,New York,New York,https://linkedin.com/in/user43,,,,,,"demo,test",False,False,mkmahmud.dev@gmail.com,2026-07-17T16:33:08.669544+00:00,2026-07-19T12:02:28.542664+00:00
User37,Lead37,user37@example.com,+1555100036,CEO,Company 37,https://company37.com,Construction,linkedin,researching,0,USA,Texas,Austin,https://linkedin.com/in/user37,,,,,,"demo,test",False,False,mkmahmud.dev@gmail.com,2026-07-17T16:33:08.669544+00:00,2026-07-19T12:02:28.542664+00:00
User99,Lead99,user99@example.com,+1555100098,Marketing Manager,Company 99,https://company99.com,Logistics,cold_email,lost,0,USA,Florida,Miami,https://linkedin.com/in/user99,,,,,,"demo,test",False,False,mkmahmud.dev@gmail.com,2026-07-17T16:33:08.669544+00:00,2026-07-19T12:02:28.542664+00:00
User40,Lead40,user40@example.com,+1555100039,Founder,Company 40,https://company40.com,Energy,conference,researching,0,USA,Illinois,Chicago,https://linkedin.com/in/user40,,,,,,"demo,test",False,False,mkmahmud.dev@gmail.com,2026-07-17T16:33:08.669544+00:00,2026-07-19T12:02:28.542664+00:00
User91,Lead91,user91@example.com,+1555100090,Sales Manager,Company 91,https://company91.com,Software,website,new,0,USA,California,San Francisco,https://linkedin.com/in/user91,,,,,,"demo,test",False,False,mkmahmud.dev@gmail.com,2026-07-17T16:33:08.669544+00:00,2026-07-19T12:02:28.542664+00:00
User68,Lead68,user68@example.com,+1555100067,CTO,Company 68,https://company68.com,AI,referral,demo_scheduled,0,USA,New York,New York,https://linkedin.com/in/user68,,,,,,"demo,test",False,False,mkmahmud.dev@gmail.com,2026-07-17T16:33:08.669544+00:00,2026-07-19T12:02:28.542664+00:00
User64,Lead64,user64@example.com,+1555100063,Marketing Manager,Company 64,https://company64.com,Retail,cold_email,researching,0,USA,Florida,Miami,https://linkedin.com/in/user64,,,,,,"demo,test",False,False,mkmahmud.dev@gmail.com,2026-07-17T16:33:08.669544+00:00,2026-07-19T12:02:28.542664+00:00
User35,Lead35,user35@example.com,+1555100034,Founder,Company 35,https://company35.com,Education,conference,won,0,USA,Illinois,Chicago,https://linkedin.com/in/user35,,,,,,"demo,test",False,False,mkmahmud.dev@gmail.com,2026-07-17T16:33:08.669544+00:00,2026-07-19T12:02:28.542664+00:00
User60,Lead60,user60@example.com,+1555100059,Founder,Company 60,https://company60.com,Energy,conference,proposal,0,USA,Illinois,Chicago,https://linkedin.com/in/user60,,,,,,"demo,test",False,False,mkmahmud.dev@gmail.com,2026-07-17T16:33:08.669544+00:00,2026-07-19T12:02:28.542664+00:00
User82,Lead82,user82@example.com,+1555100081,CEO,Company 82,https://company82.com,Healthcare,linkedin,new,0,USA,Texas,Austin,https://linkedin.com/in/user82,,,,,,"demo,test",False,False,mkmahmud.dev@gmail.com,2026-07-17T16:33:08.669544+00:00,2026-07-19T12:02:28.542664+00:00
User27,Lead27,user27@example.com,+1555100026,CEO,Company 27,https://company27.com,Construction,linkedin,lost,0,USA,Texas,Austin,https://linkedin.com/in/user27,,,,,,"demo,test",False,False,mkmahmud.dev@gmail.com,2026-07-17T16:33:08.669544+00:00,2026-07-19T12:02:28.542664+00:00
User70,Lead70,user70@example.com,+1555100069,Founder,Company 70,https://company70.com,Energy,conference,negotiation,0,USA,Illinois,Chicago,https://linkedin.com/in/user70,,,,,,"demo,test",False,False,mkmahmud.dev@gmail.com,2026-07-17T16:33:08.669544+00:00,2026-07-19T12:02:28.542664+00:00
User95,Lead95,user95@example.com,+1555100094,Founder,Company 95,https://company95.com,Education,conference,demo_scheduled,0,USA,Illinois,Chicago,https://linkedin.com/in/user95,,,,,,"demo,test",False,False,mkmahmud.dev@gmail.com,2026-07-17T16:33:08.669544+00:00,2026-07-19T12:02:28.542664+00:00
User55,Lead55,user55@example.com,+1555100054,Founder,Company 55,https://company55.com,Education,conference,new,0,USA,Illinois,Chicago,https://linkedin.com/in/user55,,,,,,"demo,test",False,False,mkmahmud.dev@gmail.com,2026-07-17T16:33:08.669544+00:00,2026-07-19T12:02:28.542664+00:00
User44,Lead44,user44@example.com,+1555100043,Marketing Manager,Company 44,https://company44.com,Retail,cold_email,won,0,USA,Florida,Miami,https://linkedin.com/in/user44,,,,,,"demo,test",False,False,mkmahmud.dev@gmail.com,2026-07-17T16:33:08.669544+00:00,2026-07-19T12:02:28.542664+00:00
User49,Lead49,user49@example.com,+1555100048,Marketing Manager,Company 49,https://company49.com,Logistics,cold_email,interested,0,USA,Florida,Miami,https://linkedin.com/in/user49,,,,,,"demo,test",False,False,mkmahmud.dev@gmail.com,2026-07-17T16:33:08.669544+00:00,2026-07-19T12:02:28.542664+00:00
User75,Lead75,user75@example.com,+1555100074,Founder,Company 75,https://company75.com,Education,conference,qualified,0,USA,Illinois,Chicago,https://linkedin.com/in/user75,,,,,,"demo,test",False,False,mkmahmud.dev@gmail.com,2026-07-17T16:33:08.669544+00:00,2026-07-19T12:02:28.542664+00:00
User84,Lead84,user84@example.com,+1555100083,Marketing Manager,Company 84,https://company84.com,Retail,cold_email,qualified,0,USA,Florida,Miami,https://linkedin.com/in/user84,,,,,,"demo,test",False,False,mkmahmud.dev@gmail.com,2026-07-17T16:33:08.669544+00:00,2026-07-19T12:02:28.542664+00:00
User97,Lead97,user97@example.com,+1555100096,CEO,Company 97,https://company97.com,Construction,linkedin,negotiation,0,USA,Texas,Austin,https://linkedin.com/in/user97,,,,,,"demo,test",False,False,mkmahmud.dev@gmail.com,2026-07-17T16:33:08.669544+00:00,2026-07-19T12:02:28.542664+00:00
User94,Lead94,user94@example.com,+1555100093,Marketing Manager,Company 94,https://company94.com,Retail,cold_email,interested,0,USA,Florida,Miami,https://linkedin.com/in/user94,,,,,,"demo,test",False,False,,2026-07-17T16:33:08.669544+00:00,2026-07-17T16:33:08.669544+00:00
User76,Lead76,user76@example.com,+1555100075,Sales Manager,Company 76,https://company76.com,Manufacturing,website,interested,0,USA,California,San Francisco,https://linkedin.com/in/user76,,,,,,"demo,test",False,False,,2026-07-17T16:33:08.669544+00:00,2026-07-17T16:33:08.669544+00:00
User98,Lead98,user98@example.com,+1555100097,CTO,Company 98,https://company98.com,AI,referral,won,0,USA,New York,New York,https://linkedin.com/in/user98,,,,,,"demo,test",False,False,,2026-07-17T16:33:08.669544+00:00,2026-07-17T16:33:08.669544+00:00
User46,Lead46,user46@example.com,+1555100045,Sales Manager,Company 46,https://company46.com,Manufacturing,website,new,0,USA,California,San Francisco,https://linkedin.com/in/user46,,,,,,"demo,test",False,False,,2026-07-17T16:33:08.669544+00:00,2026-07-17T16:33:08.669544+00:00
User89,Lead89,user89@example.com,+1555100088,Marketing Manager,Company 89,https://company89.com,Logistics,cold_email,won,0,USA,Florida,Miami,https://linkedin.com/in/user89,,,,,,"demo,test",False,False,,2026-07-17T16:33:08.669544+00:00,2026-07-17T16:33:08.669544+00:00
User36,Lead36,user36@example.com,+1555100035,Sales Manager,Company 36,https://company36.com,Manufacturing,website,lost,0,USA,California,San Francisco,https://linkedin.com/in/user36,,,,,,"demo,test",False,False,,2026-07-17T16:33:08.669544+00:00,2026-07-17T16:33:08.669544+00:00
User65,Lead65,user65@example.com,+1555100064,Founder,Company 65,https://company65.com,Education,conference,contacted,0,USA,Illinois,Chicago,https://linkedin.com/in/user65,,,,,,"demo,test",False,False,,2026-07-17T16:33:08.669544+00:00,2026-07-17T16:33:08.669544+00:00
User31,Lead31,user31@example.com,+1555100030,Sales Manager,Company 31,https://company31.com,Software,website,interested,0,USA,California,San Francisco,https://linkedin.com/in/user31,,,,,,"demo,test",False,False,,2026-07-17T16:33:08.669544+00:00,2026-07-17T16:33:08.669544+00:00
User59,Lead59,user59@example.com,+1555100058,Marketing Manager,Company 59,https://company59.com,Logistics,cold_email,demo_scheduled,0,USA,Florida,Miami,https://linkedin.com/in/user59,,,,,,"demo,test",False,False,,2026-07-17T16:33:08.669544+00:00,2026-07-17T16:33:08.669544+00:00
User50,Lead50,user50@example.com,+1555100049,Founder,Company 50,https://company50.com,Energy,conference,demo_scheduled,0,USA,Illinois,Chicago,https://linkedin.com/in/user50,,,,,,"demo,test",False,False,,2026-07-17T16:33:08.669544+00:00,2026-07-17T16:33:08.669544+00:00
User96,Lead96,user96@example.com,+1555100095,Sales Manager,Company 96,https://company96.com,Manufacturing,website,proposal,0,USA,California,San Francisco,https://linkedin.com/in/user96,,,,,,"demo,test",False,False,,2026-07-17T16:33:08.669544+00:00,2026-07-17T16:33:08.669544+00:00
User57,Lead57,user57@example.com,+1555100056,CEO,Company 57,https://company57.com,Construction,linkedin,qualified,0,USA,Texas,Austin,https://linkedin.com/in/user57,,,,,,"demo,test",False,False,,2026-07-17T16:33:08.669544+00:00,2026-07-17T16:33:08.669544+00:00
User34,Lead34,user34@example.com,+1555100033,Marketing Manager,Company 34,https://company34.com,Retail,cold_email,negotiation,0,USA,Florida,Miami,https://linkedin.com/in/user34,,,,,,"demo,test",False,False,,2026-07-17T16:33:08.669544+00:00,2026-07-17T16:33:08.669544+00:00
User67,Lead67,user67@example.com,+1555100066,CEO,Company 67,https://company67.com,Construction,linkedin,interested,0,USA,Texas,Austin,https://linkedin.com/in/user67,,,,,,"demo,test",False,False,,2026-07-17T16:33:08.669544+00:00,2026-07-17T16:33:08.669544+00:00
User56,Lead56,user56@example.com,+1555100055,Sales Manager,Company 56,https://company56.com,Manufacturing,website,contacted,0,USA,California,San Francisco,https://linkedin.com/in/user56,,,,,,"demo,test",False,False,,2026-07-17T16:33:08.669544+00:00,2026-07-17T16:33:08.669544+00:00
User45,Lead45,user45@example.com,+1555100044,Founder,Company 45,https://company45.com,Education,conference,lost,0,USA,Illinois,Chicago,https://linkedin.com/in/user45,,,,,,"demo,test",False,False,,2026-07-17T16:33:08.669544+00:00,2026-07-17T16:33:08.669544+00:00
User93,Lead93,user93@example.com,+1555100092,CTO,Company 93,https://company93.com,Finance,referral,qualified,0,USA,New York,New York,https://linkedin.com/in/user93,,,,,,"demo,test",False,False,,2026-07-17T16:33:08.669544+00:00,2026-07-17T16:33:08.669544+00:00
User74,Lead74,user74@example.com,+1555100073,Marketing Manager,Company 74,https://company74.com,Retail,cold_email,contacted,0,USA,Florida,Miami,https://linkedin.com/in/user74,,,,,,"demo,test",False,False,,2026-07-17T16:33:08.669544+00:00,2026-07-17T16:33:08.669544+00:00
User72,Lead72,user72@example.com,+1555100071,CEO,Company 72,https://company72.com,Healthcare,linkedin,lost,0,USA,Texas,Austin,https://linkedin.com/in/user72,,,,,,"demo,test",False,False,,2026-07-17T16:33:08.669544+00:00,2026-07-17T16:33:08.669544+00:00
User48,Lead48,user48@example.com,+1555100047,CTO,Company 48,https://company48.com,AI,referral,qualified,0,USA,New York,New York,https://linkedin.com/in/user48,,,,,,"demo,test",False,False,,2026-07-17T16:33:08.669544+00:00,2026-07-17T16:33:08.669544+00:00
User80,Lead80,user80@example.com,+1555100079,Founder,Company 80,https://company80.com,Energy,conference,won,0,USA,Illinois,Chicago,https://linkedin.com/in/user80,,,,,,"demo,test",False,False,,2026-07-17T16:33:08.669544+00:00,2026-07-17T16:33:08.669544+00:00
User83,Lead83,user83@example.com,+1555100082,CTO,Company 83,https://company83.com,Finance,referral,contacted,0,USA,New York,New York,https://linkedin.com/in/user83,,,,,,"demo,test",False,False,,2026-07-17T16:33:08.669544+00:00,2026-07-17T16:33:08.669544+00:00
User58,Lead58,user58@example.com,+1555100057,CTO,Company 58,https://company58.com,AI,referral,interested,0,USA,New York,New York,https://linkedin.com/in/user58,,,,,,"demo,test",False,False,,2026-07-17T16:33:08.669544+00:00,2026-07-17T16:33:08.669544+00:00
User54,Lead54,user54@example.com,+1555100053,Marketing Manager,Company 54,https://company54.com,Retail,cold_email,lost,0,USA,Florida,Miami,https://linkedin.com/in/user54,,,,,,"demo,test",False,False,,2026-07-17T16:33:08.669544+00:00,2026-07-17T16:33:08.669544+00:00
User26,Lead26,user26@example.com,+1555100025,Sales Manager,Company 26,https://company26.com,Manufacturing,website,won,0,USA,California,San Francisco,https://linkedin.com/in/user26,,,,,,"demo,test",False,False,,2026-07-17T16:33:08.669544+00:00,2026-07-17T16:33:08.669544+00:00
User61,Lead61,user61@example.com,+1555100060,Sales Manager,Company 61,https://company61.com,Software,website,negotiation,0,USA,California,San Francisco,https://linkedin.com/in/user61,,,,,,"demo,test",False,False,,2026-07-17T16:33:08.669544+00:00,2026-07-17T16:33:08.669544+00:00
User62,Lead62,user62@example.com,+1555100061,CEO,Company 62,https://company62.com,Healthcare,linkedin,won,0,USA,Texas,Austin,https://linkedin.com/in/user62,,,,,,"demo,test",False,False,,2026-07-17T16:33:08.669544+00:00,2026-07-17T16:33:08.669544+00:00
User42,Lead42,user42@example.com,+1555100041,CEO,Company 42,https://company42.com,Healthcare,linkedin,proposal,0,USA,Texas,Austin,https://linkedin.com/in/user42,,,,,,"demo,test",False,False,,2026-07-17T16:33:08.669544+00:00,2026-07-17T16:33:08.669544+00:00
User30,Lead30,user30@example.com,+1555100029,Founder,Company 30,https://company30.com,Energy,conference,qualified,0,USA,Illinois,Chicago,https://linkedin.com/in/user30,,,,,,"demo,test",False,False,,2026-07-17T16:33:08.669544+00:00,2026-07-17T16:33:08.669544+00:00
User29,Lead29,user29@example.com,+1555100028,Marketing Manager,Company 29,https://company29.com,Logistics,cold_email,contacted,0,USA,Florida,Miami,https://linkedin.com/in/user29,,,,,,"demo,test",False,False,,2026-07-17T16:33:08.669544+00:00,2026-07-17T16:33:08.669544+00:00
User87,Lead87,user87@example.com,+1555100086,CEO,Company 87,https://company87.com,Construction,linkedin,proposal,0,USA,Texas,Austin,https://linkedin.com/in/user87,,,,,,"demo,test",False,False,,2026-07-17T16:33:08.669544+00:00,2026-07-17T16:33:08.669544+00:00
User71,Lead71,user71@example.com,+1555100070,Sales Manager,Company 71,https://company71.com,Software,website,won,0,USA,California,San Francisco,https://linkedin.com/in/user71,,,,,,"demo,test",False,False,,2026-07-17T16:33:08.669544+00:00,2026-07-17T16:33:08.669544+00:00
User52,Lead52,user52@example.com,+1555100051,CEO,Company 52,https://company52.com,Healthcare,linkedin,negotiation,0,USA,Texas,Austin,https://linkedin.com/in/user52,,,,,,"demo,test",False,False,,2026-07-17T16:33:08.669544+00:00,2026-07-17T16:33:08.669544+00:00
User63,Lead63,user63@example.com,+1555100062,CTO,Company 63,https://company63.com,Finance,referral,lost,0,USA,New York,New York,https://linkedin.com/in/user63,,,,,,"demo,test",False,False,,2026-07-17T16:33:08.669544+00:00,2026-07-17T16:33:08.669544+00:00
User88,Lead88,user88@example.com,+1555100087,CTO,Company 88,https://company88.com,AI,referral,negotiation,0,USA,New York,New York,https://linkedin.com/in/user88,,,,,,"demo,test",False,False,,2026-07-17T16:33:08.669544+00:00,2026-07-17T16:33:08.669544+00:00
User33,Lead33,user33@example.com,+1555100032,CTO,Company 33,https://company33.com,Finance,referral,proposal,0,USA,New York,New York,https://linkedin.com/in/user33,,,,,,"demo,test",False,False,,2026-07-17T16:33:08.669544+00:00,2026-07-17T16:33:08.669544+00:00
User90,Lead90,user90@example.com,+1555100089,Founder,Company 90,https://company90.com,Energy,conference,lost,0,USA,Illinois,Chicago,https://linkedin.com/in/user90,,,,,,"demo,test",False,False,,2026-07-17T16:33:08.669544+00:00,2026-07-17T16:33:08.669544+00:00
User86,Lead86,user86@example.com,+1555100085,Sales Manager,Company 86,https://company86.com,Manufacturing,website,demo_scheduled,0,USA,California,San Francisco,https://linkedin.com/in/user86,,,,,,"demo,test",False,False,,2026-07-17T16:33:08.669544+00:00,2026-07-17T16:33:08.669544+00:00
User92,Lead92,user92@example.com,+1555100091,CEO,Company 92,https://company92.com,Healthcare,linkedin,contacted,0,USA,Texas,Austin,https://linkedin.com/in/user92,,,,,,"demo,test",False,False,,2026-07-17T16:33:08.669544+00:00,2026-07-17T16:33:08.669544+00:00
User85,Lead85,user85@example.com,+1555100084,Founder,Company 85,https://company85.com,Education,conference,interested,0,USA,Illinois,Chicago,https://linkedin.com/in/user85,,,,,,"demo,test",False,False,,2026-07-17T16:33:08.669544+00:00,2026-07-17T16:33:08.669544+00:00
User32,Lead32,user32@example.com,+1555100031,CEO,Company 32,https://company32.com,Healthcare,linkedin,demo_scheduled,0,USA,Texas,Austin,https://linkedin.com/in/user32,,,,,,"demo,test",False,False,,2026-07-17T16:33:08.669544+00:00,2026-07-17T16:33:08.669544+00:00
User79,Lead79,user79@example.com,+1555100078,Marketing Manager,Company 79,https://company79.com,Logistics,cold_email,negotiation,0,USA,Florida,Miami,https://linkedin.com/in/user79,,,,,,"demo,test",False,False,,2026-07-17T16:33:08.669544+00:00,2026-07-17T16:33:08.669544+00:00
User28,Lead28,user28@example.com,+1555100027,CTO,Company 28,https://company28.com,AI,referral,new,0,USA,New York,New York,https://linkedin.com/in/user28,,,,,,"demo,test",False,False,,2026-07-17T16:33:08.669544+00:00,2026-07-17T16:33:08.669544+00:00
User100,Lead100,user100@example.com,+1555100099,Founder,Company 100,https://company100.com,Energy,conference,new,0,USA,Illinois,Chicago,https://linkedin.com/in/user100,,,,,,"demo,test",False,False,,2026-07-17T16:33:08.669544+00:00,2026-07-17T16:33:08.669544+00:00
User69,Lead69,user69@example.com,+1555100068,Marketing Manager,Company 69,https://company69.com,Logistics,cold_email,proposal,0,USA,Florida,Miami,https://linkedin.com/in/user69,,,,,,"demo,test",False,False,,2026-07-17T16:33:08.669544+00:00,2026-07-17T16:33:08.669544+00:00
User47,Lead47,user47@example.com,+1555100046,CEO,Company 47,https://company47.com,Construction,linkedin,contacted,0,USA,Texas,Austin,https://linkedin.com/in/user47,,,,,,"demo,test",False,False,,2026-07-17T16:33:08.669544+00:00,2026-07-17T16:33:08.669544+00:00
User38,Lead38,user38@example.com,+1555100037,CTO,Company 38,https://company38.com,AI,referral,contacted,0,USA,New York,New York,https://linkedin.com/in/user38,,,,,,"demo,test",False,False,,2026-07-17T16:33:08.669544+00:00,2026-07-17T16:33:08.669544+00:00
User53,Lead53,user53@example.com,+1555100052,CTO,Company 53,https://company53.com,Finance,referral,won,0,USA,New York,New York,https://linkedin.com/in/user53,,,,,,"demo,test",False,False,,2026-07-17T16:33:08.669544+00:00,2026-07-17T16:33:08.669544+00:00
User51,Lead51,user51@example.com,+1555100050,Sales Manager,Company 51,https://company51.com,Software,website,proposal,0,USA,California,San Francisco,https://linkedin.com/in/user51,,,,,,"demo,test",False,False,,2026-07-17T16:33:08.669544+00:00,2026-07-17T16:33:08.669544+00:00
User78,Lead78,user78@example.com,+1555100077,CTO,Company 78,https://company78.com,AI,referral,proposal,0,USA,New York,New York,https://linkedin.com/in/user78,,,,,,"demo,test",False,False,,2026-07-17T16:33:08.669544+00:00,2026-07-17T16:33:08.669544+00:00
User66,Lead66,user66@example.com,+1555100065,Sales Manager,Company 66,https://company66.com,Manufacturing,website,qualified,0,USA,California,San Francisco,https://linkedin.com/in/user66,,,,,,"demo,test",False,False,,2026-07-17T16:33:08.669544+00:00,2026-07-17T16:33:08.669544+00:00
User12,Test,user12@example.com,+1555000111,Sales Manager,Company 12,https://company12.com,Software,linkedin,qualified,0,USA,California,San Francisco,https://linkedin.com/in/user12,,,,,,"demo,test",False,False,,2026-07-17T16:32:11.821075+00:00,2026-07-17T16:32:11.821075+00:00
User17,Test,user17@example.com,+1555000116,Sales Manager,Company 17,https://company17.com,Software,linkedin,won,0,USA,California,San Francisco,https://linkedin.com/in/user17,,,,,,"demo,test",False,False,,2026-07-17T16:32:11.821075+00:00,2026-07-17T16:32:11.821075+00:00
User22,Test,user22@example.com,+1555000121,Sales Manager,Company 22,https://company22.com,Software,linkedin,interested,0,USA,California,San Francisco,https://linkedin.com/in/user22,,,,,,"demo,test",False,False,,2026-07-17T16:32:11.821075+00:00,2026-07-17T16:32:11.821075+00:00
User23,Test,user23@example.com,+1555000122,Sales Manager,Company 23,https://company23.com,Software,referral,demo_scheduled,0,USA,California,San Francisco,https://linkedin.com/in/user23,,,,,,"demo,test",False,False,,2026-07-17T16:32:11.821075+00:00,2026-07-17T16:32:11.821075+00:00
User14,Test,user14@example.com,+1555000113,Sales Manager,Company 14,https://company14.com,Software,cold_email,demo_scheduled,0,USA,California,San Francisco,https://linkedin.com/in/user14,,,,,,"demo,test",False,False,,2026-07-17T16:32:11.821075+00:00,2026-07-17T16:32:11.821075+00:00
User20,Test,user20@example.com,+1555000119,Sales Manager,Company 20,https://company20.com,Software,conference,contacted,0,USA,California,San Francisco,https://linkedin.com/in/user20,,,,,,"demo,test",False,False,,2026-07-17T16:32:11.821075+00:00,2026-07-17T16:32:11.821075+00:00
User15,Test,user15@example.com,+1555000114,Sales Manager,Company 15,https://company15.com,Software,conference,proposal,0,USA,California,San Francisco,https://linkedin.com/in/user15,,,,,,"demo,test",False,False,,2026-07-17T16:32:11.821075+00:00,2026-07-17T16:32:11.821075+00:00
User3,Test,user3@example.com,+1555000102,Sales Manager,Company 3,https://company3.com,Software,referral,qualified,0,USA,California,San Francisco,https://linkedin.com/in/user3,,,,,,"demo,test",False,False,,2026-07-17T16:32:11.821075+00:00,2026-07-17T16:32:11.821075+00:00
User11,Test,user11@example.com,+1555000110,Sales Manager,Company 11,https://company11.com,Software,website,contacted,0,USA,California,San Francisco,https://linkedin.com/in/user11,,,,,,"demo,test",False,False,,2026-07-17T16:32:11.821075+00:00,2026-07-17T16:32:11.821075+00:00
User8,Test,user8@example.com,+1555000107,Sales Manager,Company 8,https://company8.com,Software,referral,won,0,USA,California,San Francisco,https://linkedin.com/in/user8,,,,,,"demo,test",False,False,,2026-07-17T16:32:11.821075+00:00,2026-07-17T16:32:11.821075+00:00
User13,Test,user13@example.com,+1555000112,Sales Manager,Company 13,https://company13.com,Software,referral,interested,0,USA,California,San Francisco,https://linkedin.com/in/user13,,,,,,"demo,test",False,False,,2026-07-17T16:32:11.821075+00:00,2026-07-17T16:32:11.821075+00:00
User7,Test,user7@example.com,+1555000106,Sales Manager,Company 7,https://company7.com,Software,linkedin,negotiation,0,USA,California,San Francisco,https://linkedin.com/in/user7,,,,,,"demo,test",False,False,,2026-07-17T16:32:11.821075+00:00,2026-07-17T16:32:11.821075+00:00
User4,Test,user4@example.com,+1555000103,Sales Manager,Company 4,https://company4.com,Software,cold_email,interested,0,USA,California,San Francisco,https://linkedin.com/in/user4,,,,,,"demo,test",False,False,,2026-07-17T16:32:11.821075+00:00,2026-07-17T16:32:11.821075+00:00
User5,Test,user5@example.com,+1555000104,Sales Manager,Company 5,https://company5.com,Software,conference,demo_scheduled,0,USA,California,San Francisco,https://linkedin.com/in/user5,,,,,,"demo,test",False,False,,2026-07-17T16:32:11.821075+00:00,2026-07-17T16:32:11.821075+00:00
User10,Test,user10@example.com,+1555000109,Sales Manager,Company 10,https://company10.com,Software,conference,new,0,USA,California,San Francisco,https://linkedin.com/in/user10,,,,,,"demo,test",False,False,,2026-07-17T16:32:11.821075+00:00,2026-07-17T16:32:11.821075+00:00
User2,Test,user2@example.com,+1555000101,Sales Manager,Company 2,https://company2.com,Software,linkedin,contacted,0,USA,California,San Francisco,https://linkedin.com/in/user2,,,,,,"demo,test",False,False,,2026-07-17T16:32:11.821075+00:00,2026-07-17T16:32:11.821075+00:00
User16,Test,user16@example.com,+1555000115,Sales Manager,Company 16,https://company16.com,Software,website,negotiation,0,USA,California,San Francisco,https://linkedin.com/in/user16,,,,,,"demo,test",False,False,,2026-07-17T16:32:11.821075+00:00,2026-07-17T16:32:11.821075+00:00
User19,Test,user19@example.com,+1555000118,Sales Manager,Company 19,https://company19.com,Software,cold_email,new,0,USA,California,San Francisco,https://linkedin.com/in/user19,,,,,,"demo,test",False,False,,2026-07-17T16:32:11.821075+00:00,2026-07-17T16:32:11.821075+00:00
User6,Test,user6@example.com,+1555000105,Sales Manager,Company 6,https://company6.com,Software,website,proposal,0,USA,California,San Francisco,https://linkedin.com/in/user6,,,,,,"demo,test",False,False,,2026-07-17T16:32:11.821075+00:00,2026-07-17T16:32:11.821075+00:00
User9,Test,user9@example.com,+1555000108,Sales Manager,Company 9,https://company9.com,Software,cold_email,lost,0,USA,California,San Francisco,https://linkedin.com/in/user9,,,,,,"demo,test",False,False,,2026-07-17T16:32:11.821075+00:00,2026-07-17T16:32:11.821075+00:00
User25,Test,user25@example.com,+1555000124,Sales Manager,Company 25,https://company25.com,Software,conference,negotiation,0,USA,California,San Francisco,https://linkedin.com/in/user25,,,,,,"demo,test",False,False,,2026-07-17T16:32:11.821075+00:00,2026-07-17T16:32:11.821075+00:00
User21,Test,user21@example.com,+1555000120,Sales Manager,Company 21,https://company21.com,Software,website,qualified,0,USA,California,San Francisco,https://linkedin.com/in/user21,,,,,,"demo,test",False,False,,2026-07-17T16:32:11.821075+00:00,2026-07-17T16:32:11.821075+00:00
User1,Test,user1@example.com,+1555000100,Sales Manager,Company 1,https://company1.com,Software,website,new,0,USA,California,San Francisco,https://linkedin.com/in/user1,,,,,,"demo,test",False,False,,2026-07-17T16:32:11.821075+00:00,2026-07-17T16:32:11.821075+00:00
User24,Test,user24@example.com,+1555000123,Sales Manager,Company 24,https://company24.com,Software,cold_email,proposal,0,USA,California,San Francisco,https://linkedin.com/in/user24,,,,,,"demo,test",False,False,,2026-07-17T16:32:11.821075+00:00,2026-07-17T16:32:11.821075+00:00
User18,Test,user18@example.com,+1555000117,Sales Manager,Company 18,https://company18.com,Software,referral,lost,0,USA,California,San Francisco,https://linkedin.com/in/user18,,,,,,"demo,test",False,False,,2026-07-17T16:32:11.821075+00:00,2026-07-17T16:32:11.821075+00:00
Olivia,Martin,olivia@edusphere.edu,+1555010008,Principal,EduSphere,https://edusphere.edu,Education,Website,won,0,Canada,Ontario,Toronto,https://linkedin.com/in/oliviamartin,,,,,,education,False,False,,2026-07-17T16:30:45.857883+00:00,2026-07-17T16:30:45.857883+00:00
Sarah,Johnson,sarah@brightsolutions.io,+1555010002,CEO,Bright Solutions,https://brightsolutions.io,Consulting,LinkedIn,contacted,0,USA,Texas,Austin,https://linkedin.com/in/sarahjohnson,,,,,,consulting,False,False,,2026-07-17T16:30:45.857883+00:00,2026-07-17T16:30:45.857883+00:00
James,Taylor,james@buildpro.com,+1555010007,Operations Manager,BuildPro,https://buildpro.com,Construction,Trade Show,negotiation,0,USA,Colorado,Denver,https://linkedin.com/in/jamestaylor,,,,,,construction,False,False,,2026-07-17T16:30:45.857883+00:00,2026-07-17T16:30:45.857883+00:00
Daniel,White,daniel@greenenergy.co,+1555010009,Procurement Head,Green Energy Co,https://greenenergy.co,Energy,Referral,lost,0,UK,England,London,https://linkedin.com/in/danielwhite,,,,,,energy,False,False,,2026-07-17T16:30:45.857883+00:00,2026-07-17T16:30:45.857883+00:00
John,Smith,john.smith@acmetech.com,+1555010001,Sales Manager,Acme Tech,https://acmetech.com,Software,Website,new,0,USA,California,San Francisco,https://linkedin.com/in/johnsmith,,,,,,"b2b,saas",False,False,,2026-07-17T16:30:45.857883+00:00,2026-07-17T16:30:45.857883+00:00
Lisa,Brown,lisa@retailhub.com,+1555010006,Founder,RetailHub,https://retailhub.com,Retail,Google,proposal,0,USA,Florida,Miami,https://linkedin.com/in/lisabrown,,,,,,retail,False,False,,2026-07-17T16:30:45.857883+00:00,2026-07-17T16:30:45.857883+00:00
Sophia,Clark,sophia@travelsync.com,+1555010010,Business Development,TravelSync,https://travelsync.com,Travel,Facebook,new,0,Australia,NSW,Sydney,https://linkedin.com/in/sophiaclark,,,,,,travel,False,False,,2026-07-17T16:30:45.857883+00:00,2026-07-17T16:30:45.857883+00:00
David,Wilson,david@cloudnova.ai,+1555010005,VP Sales,CloudNova,https://cloudnova.ai,AI,Apollo,demo_scheduled,0,USA,Washington,Seattle,https://linkedin.com/in/davidwilson,,,,,,ai,False,False,,2026-07-17T16:30:45.857883+00:00,2026-07-17T16:30:45.857883+00:00
Emily,Davis,emily@healthplus.org,+1555010004,Director,HealthPlus,https://healthplus.org,Healthcare,Cold Email,interested,0,USA,Illinois,Chicago,https://linkedin.com/in/emilydavis,,,,,,health,False,False,,2026-07-17T16:30:45.857883+00:00,2026-07-17T16:30:45.857883+00:00
Michael,Lee,michael@fincore.com,+1555010003,CTO,FinCore,https://fincore.com,Finance,Referral,qualified,0,USA,New York,New York,https://linkedin.com/in/michaellee,,,,,,fintech,False,False,,2026-07-17T16:30:45.857883+00:00,2026-07-17T16:30:45.857883+00:00
Hu,Haynes,buziqyk@mailinator.com,+1 (169) 629-5406,In laudantium dolor,Nunez and Booth LLC,https://www.gyzupigixajuv.tv,Amet quia tempore,csv_import,demo_scheduled,92,Repellendus Qui par,Illo eu consequatur,Itaque Nam dolore ob,,,5000+,2.0,79,88.0,,False,False,mahmudulmk4@gmail.com,2026-07-17T13:13:35.381532+00:00,2026-07-17T13:13:35.381532+00:00
Teegan,Cote,zanomyjes@mailinator.com,+1 (453) 339-9198,Aspernatur et qui se,Goodwin Flowers LLC,https://www.pasegix.ws,Vitae id ea dolore,cold_email,won,14,Voluptatibus fugit,Voluptatem quae labo,Ad eiusmod doloremqu,,,2-10,93.0,26,68.0,Laborum Voluptatem,False,False,mahmudulmk4@gmail.com,2026-07-17T12:52:00.032063+00:00,2026-07-17T13:13:17.089323+00:00
